ImagePath,LabelName,Labels
../../Dataset/extra images/abraham lincoln/img_23.jpg,abraham lincoln,0
../../Dataset/extra images/john f. kennedy/img_42.jpg,john f. kennedy,11
../../Dataset/extra images/abraham lincoln/img_11.jpg,abraham lincoln,0
../../Dataset/extra images/vladimir putin/img_2.jpg,vladimir putin,20
../../Dataset/extra images/joe biden/img_24.jpg,joe biden,10
../../Dataset/extra images/bill clinton/img_5.jpg,bill clinton,4
../../Dataset/extra images/joe biden/img_4.jpg,joe biden,10
../../Dataset/extra images/bill clinton/img_17.jpg,bill clinton,4
../../Dataset/extra images/adolf hitler/img_3.jpg,adolf hitler,1
../../Dataset/extra images/jill stein/img_0.jpg,jill stein,9
../../Dataset/extra images/gary johnson/img_12.jpg,gary johnson,6
../../Dataset/extra images/vladimir putin/img_25.jpg,vladimir putin,20
../../Dataset/extra images/joe biden/img_34.jpg,joe biden,10
../../Dataset/extra images/gary johnson/img_39.jpg,gary johnson,6
../../Dataset/extra images/adolf hitler/img_28.jpg,adolf hitler,1
../../Dataset/extra images/jill stein/img_44.jpg,jill stein,9
../../Dataset/extra images/hillary clinton/img_12.jpg,hillary clinton,8
../../Dataset/extra images/bill clinton/img_43.jpg,bill clinton,4
../../Dataset/extra images/adolf hitler/img_15.jpeg,adolf hitler,1
../../Dataset/extra images/donald trump/img_15.jpg,donald trump,5
../../Dataset/extra images/bill clinton/img_4.jpg,bill clinton,4
../../Dataset/extra images/jill stein/img_28.jpg,jill stein,9
../../Dataset/extra images/narendra modi/img_39.jpg,narendra modi,17
../../Dataset/extra images/mike pence/img_11.jpg,mike pence,15
../../Dataset/extra images/joe biden/img_58.jpg,joe biden,10
../../Dataset/extra images/barack obama/img_5.jpg,barack obama,2
../../Dataset/extra images/kim jong un/img_31.jpg,kim jong un,13
../../Dataset/extra images/adolf hitler/img_18.jpg,adolf hitler,1
../../Dataset/extra images/joe biden/img_30.jpg,joe biden,10
../../Dataset/extra images/bill clinton/img_51.jpg,bill clinton,4
../../Dataset/extra images/donald trump/img_34.jpg,donald trump,5
../../Dataset/extra images/hillary clinton/img_44.jpg,hillary clinton,8
../../Dataset/extra images/donald trump/img_7.jpg,donald trump,5
../../Dataset/extra images/bernie sanders/img_12.jpg,bernie sanders,3
../../Dataset/extra images/vladimir putin/img_32.jpg,vladimir putin,20
../../Dataset/extra images/gary johnson/img_0.jpg,gary johnson,6
../../Dataset/extra images/vladimir putin/img_26.jpg,vladimir putin,20
../../Dataset/extra images/kamala harris/img_12.jpg,kamala harris,12
../../Dataset/extra images/narendra modi/img_47.jpg,narendra modi,17
../../Dataset/extra images/mike pence/img_8.jpg,mike pence,15
../../Dataset/extra images/abraham lincoln/img_35.jpg,abraham lincoln,0
../../Dataset/extra images/narendra modi/img_18.jpg,narendra modi,17
../../Dataset/extra images/joe biden/img_29.jpg,joe biden,10
../../Dataset/extra images/gary johnson/img_50.jpg,gary johnson,6
../../Dataset/extra images/narendra modi/img_48.jpg,narendra modi,17
../../Dataset/extra images/robert downey jr/img_30.jpg,robert downey jr,18
../../Dataset/extra images/hillary clinton/img_54.jpg,hillary clinton,8
../../Dataset/extra images/jill stein/img_22.jpg,jill stein,9
../../Dataset/extra images/joe biden/img_0.jpg,joe biden,10
../../Dataset/extra images/kim jong un/img_32.jpg,kim jong un,13
../../Dataset/extra images/adolf hitler/img_4.jpg,adolf hitler,1
../../Dataset/extra images/robert downey jr/img_16.jpg,robert downey jr,18
../../Dataset/extra images/hillary clinton/img_1.jpg,hillary clinton,8
../../Dataset/extra images/adolf hitler/img_6.jpg,adolf hitler,1
../../Dataset/extra images/donald trump/img_36.jpg,donald trump,5
../../Dataset/extra images/joe biden/img_61.jpg,joe biden,10
../../Dataset/extra images/kim jong un/img_15.jpg,kim jong un,13
../../Dataset/extra images/john f. kennedy/img_29.jpg,john f. kennedy,11
../../Dataset/extra images/joe biden/img_69.jpg,joe biden,10
../../Dataset/extra images/ted cruz images/img_35.jpg,ted cruz images,19
../../Dataset/extra images/bernie sanders/img_13.jpg,bernie sanders,3
../../Dataset/extra images/donald trump/img_28.jpg,donald trump,5
../../Dataset/extra images/joe biden/img_18.jpg,joe biden,10
../../Dataset/extra images/robert downey jr/img_62.jpg,robert downey jr,18
../../Dataset/extra images/donald trump/img_23.jpg,donald trump,5
../../Dataset/extra images/bill clinton/img_48.jpg,bill clinton,4
../../Dataset/extra images/george bush/img_1.jpg,george bush,7
../../Dataset/extra images/john f. kennedy/img_17.jpg,john f. kennedy,11
../../Dataset/extra images/bill clinton/img_54.jpg,bill clinton,4
../../Dataset/extra images/donald trump/img_35.jpg,donald trump,5
../../Dataset/extra images/joe biden/img_8.jpg,joe biden,10
../../Dataset/extra images/john f. kennedy/img_0.jpg,john f. kennedy,11
../../Dataset/extra images/vladimir putin/img_73.jpg,vladimir putin,20
../../Dataset/extra images/george bush/img_18.jpg,george bush,7
../../Dataset/extra images/john f. kennedy/img_39.jpg,john f. kennedy,11
../../Dataset/extra images/vladimir putin/img_9.jpg,vladimir putin,20
../../Dataset/extra images/hillary clinton/img_61.jpeg,hillary clinton,8
../../Dataset/extra images/joe biden/img_74.jpg,joe biden,10
../../Dataset/extra images/robert downey jr/img_22.jpg,robert downey jr,18
../../Dataset/extra images/hillary clinton/img_57.jpg,hillary clinton,8
../../Dataset/extra images/bill clinton/img_35.jpg,bill clinton,4
../../Dataset/extra images/gary johnson/img_30.jpg,gary johnson,6
../../Dataset/extra images/vladimir putin/img_13.jpg,vladimir putin,20
../../Dataset/extra images/xi jinping/img_0.jpg,xi jinping,21
../../Dataset/extra images/joe biden/img_17.jpg,joe biden,10
../../Dataset/extra images/barack obama/img_27.jpg,barack obama,2
../../Dataset/extra images/kamala harris/img_2.jpg,kamala harris,12
../../Dataset/extra images/donald trump/img_49.jpg,donald trump,5
../../Dataset/extra images/hillary clinton/img_32.jpg,hillary clinton,8
../../Dataset/extra images/kim jong un/img_11.jpg,kim jong un,13
../../Dataset/extra images/joe biden/img_66.jpg,joe biden,10
../../Dataset/extra images/ted cruz images/img_3.jpg,ted cruz images,19
../../Dataset/extra images/vladimir putin/img_8.jpg,vladimir putin,20
../../Dataset/extra images/robert downey jr/img_61.jpg,robert downey jr,18
../../Dataset/extra images/bernie sanders/img_1.jpg,bernie sanders,3
../../Dataset/extra images/joe biden/img_38.jpg,joe biden,10
../../Dataset/extra images/hillary clinton/img_47.jpg,hillary clinton,8
../../Dataset/extra images/hillary clinton/img_4.jpg,hillary clinton,8
../../Dataset/extra images/vladimir putin/img_64.jpg,vladimir putin,20
../../Dataset/extra images/kamala harris/img_0.jpg,kamala harris,12
../../Dataset/extra images/robert downey jr/img_57.jpg,robert downey jr,18
../../Dataset/extra images/bill clinton/img_59.jpg,bill clinton,4
../../Dataset/extra images/donald trump/img_51.jpg,donald trump,5
../../Dataset/extra images/bernie sanders/img_15.jpg,bernie sanders,3
../../Dataset/extra images/bill clinton/img_12.jpg,bill clinton,4
../../Dataset/extra images/robert downey jr/img_24.jpg,robert downey jr,18
../../Dataset/extra images/kim jong un/img_7.jpg,kim jong un,13
../../Dataset/extra images/xi jinping/img_12.jpg,xi jinping,21
../../Dataset/extra images/kim jong un/img_6.jpg,kim jong un,13
../../Dataset/extra images/jill stein/img_33.jpg,jill stein,9
../../Dataset/extra images/ted cruz images/img_29.jpg,ted cruz images,19
../../Dataset/extra images/narendra modi/img_6.jpg,narendra modi,17
../../Dataset/extra images/abraham lincoln/img_17.jpg,abraham lincoln,0
../../Dataset/extra images/donald trump/img_12.jpg,donald trump,5
../../Dataset/extra images/vladimir putin/img_75.jpg,vladimir putin,20
../../Dataset/extra images/donald trump/img_4.jpg,donald trump,5
../../Dataset/extra images/joe biden/img_59.jpg,joe biden,10
../../Dataset/extra images/narendra modi/img_61.jpg,narendra modi,17
../../Dataset/extra images/ted cruz images/img_52.png,ted cruz images,19
../../Dataset/extra images/george bush/img_22.jpg,george bush,7
../../Dataset/extra images/kim jong un/img_29.jpg,kim jong un,13
../../Dataset/extra images/adolf hitler/img_34.jpg,adolf hitler,1
../../Dataset/extra images/abraham lincoln/img_2.jpg,abraham lincoln,0
../../Dataset/extra images/narendra modi/img_13.jpeg,narendra modi,17
../../Dataset/extra images/mike pence/img_9.jpg,mike pence,15
../../Dataset/extra images/abraham lincoln/img_30.jpg,abraham lincoln,0
../../Dataset/extra images/robert downey jr/img_44.jpg,robert downey jr,18
../../Dataset/extra images/joe biden/img_23.jpg,joe biden,10
../../Dataset/extra images/george bush/img_21.jpg,george bush,7
../../Dataset/extra images/ted cruz images/img_56.jpg,ted cruz images,19
../../Dataset/extra images/kim jong un/img_22.jpg,kim jong un,13
../../Dataset/extra images/mike pence/img_14.jpg,mike pence,15
../../Dataset/extra images/ku klux klan/img_33.jpg,ku klux klan,14
../../Dataset/extra images/narendra modi/img_33.jpg,narendra modi,17
../../Dataset/extra images/john f. kennedy/img_8.jpg,john f. kennedy,11
../../Dataset/extra images/vladimir putin/img_0.jpg,vladimir putin,20
../../Dataset/extra images/adolf hitler/img_35.jpg,adolf hitler,1
../../Dataset/extra images/barack obama/img_9.jpg,barack obama,2
../../Dataset/extra images/donald trump/img_21.jpg,donald trump,5
../../Dataset/extra images/robert downey jr/img_43.jpg,robert downey jr,18
../../Dataset/extra images/jill stein/img_14.jpg,jill stein,9
../../Dataset/extra images/hillary clinton/img_45.jpg,hillary clinton,8
../../Dataset/extra images/john f. kennedy/img_15.jpg,john f. kennedy,11
../../Dataset/extra images/robert downey jr/img_25.jpg,robert downey jr,18
../../Dataset/extra images/narendra modi/img_56.jpg,narendra modi,17
../../Dataset/extra images/john f. kennedy/img_3.jpg,john f. kennedy,11
../../Dataset/extra images/donald trump/img_1.jpg,donald trump,5
../../Dataset/extra images/joe biden/img_49.jpg,joe biden,10
../../Dataset/extra images/john f. kennedy/img_32.jpg,john f. kennedy,11
../../Dataset/extra images/mitch mcconnell/img_8.jpg,mitch mcconnell,16
../../Dataset/extra images/bill clinton/img_15.jpg,bill clinton,4
../../Dataset/extra images/george bush/img_3.jpg,george bush,7
../../Dataset/extra images/gary johnson/img_21.jpg,gary johnson,6
../../Dataset/extra images/gary johnson/img_41.jpg,gary johnson,6
../../Dataset/extra images/george bush/img_14.jpg,george bush,7
../../Dataset/extra images/ted cruz images/img_43.jpg,ted cruz images,19
../../Dataset/extra images/robert downey jr/img_4.jpg,robert downey jr,18
../../Dataset/extra images/jill stein/img_52.jpg,jill stein,9
../../Dataset/extra images/jill stein/img_59.jpg,jill stein,9
../../Dataset/extra images/donald trump/img_52.jpg,donald trump,5
../../Dataset/extra images/ted cruz images/img_22.jpg,ted cruz images,19
../../Dataset/extra images/donald trump/img_47.jpg,donald trump,5
../../Dataset/extra images/jill stein/img_38.jpg,jill stein,9
../../Dataset/extra images/bill clinton/img_27.jpeg,bill clinton,4
../../Dataset/extra images/ted cruz images/img_19.jpg,ted cruz images,19
../../Dataset/extra images/vladimir putin/img_24.jpg,vladimir putin,20
../../Dataset/extra images/jill stein/img_41.jpg,jill stein,9
../../Dataset/extra images/kim jong un/img_23.jpg,kim jong un,13
../../Dataset/extra images/robert downey jr/img_55.jpg,robert downey jr,18
../../Dataset/extra images/narendra modi/img_15.jpg,narendra modi,17
../../Dataset/extra images/ku klux klan/img_9.jpg,ku klux klan,14
../../Dataset/extra images/mike pence/img_15.jpg,mike pence,15
../../Dataset/extra images/george bush/img_6.jpg,george bush,7
../../Dataset/extra images/george bush/img_34.jpg,george bush,7
../../Dataset/extra images/mitch mcconnell/img_12.jpg,mitch mcconnell,16
../../Dataset/extra images/robert downey jr/img_63.jpg,robert downey jr,18
../../Dataset/extra images/adolf hitler/img_5.jpg,adolf hitler,1
../../Dataset/extra images/donald trump/img_17.jpg,donald trump,5
../../Dataset/extra images/gary johnson/img_51.jpg,gary johnson,6
../../Dataset/extra images/robert downey jr/img_1.jpg,robert downey jr,18
../../Dataset/extra images/bill clinton/img_31.jpg,bill clinton,4
../../Dataset/extra images/kim jong un/img_33.jpg,kim jong un,13
../../Dataset/extra images/kim jong un/img_53.jpg,kim jong un,13
../../Dataset/extra images/ku klux klan/img_37.jpg,ku klux klan,14
../../Dataset/extra images/robert downey jr/img_38.jpg,robert downey jr,18
../../Dataset/extra images/joe biden/img_5.jpg,joe biden,10
../../Dataset/extra images/donald trump/img_74.jpg,donald trump,5
../../Dataset/extra images/abraham lincoln/img_31.jpg,abraham lincoln,0
../../Dataset/extra images/abraham lincoln/img_4.jpg,abraham lincoln,0
../../Dataset/extra images/joe biden/img_72.jpg,joe biden,10
../../Dataset/extra images/hillary clinton/img_6.jpg,hillary clinton,8
../../Dataset/extra images/ku klux klan/img_16.jpg,ku klux klan,14
../../Dataset/extra images/barack obama/img_35.jpg,barack obama,2
../../Dataset/extra images/hillary clinton/img_21.jpg,hillary clinton,8
../../Dataset/extra images/jill stein/img_43.jpg,jill stein,9
../../Dataset/extra images/barack obama/img_28.jpg,barack obama,2
../../Dataset/extra images/barack obama/img_54.jpg,barack obama,2
../../Dataset/extra images/hillary clinton/img_9.jpg,hillary clinton,8
../../Dataset/extra images/joe biden/img_71.jpg,joe biden,10
../../Dataset/extra images/bill clinton/img_20.jpg,bill clinton,4
../../Dataset/extra images/donald trump/img_54.jpg,donald trump,5
../../Dataset/extra images/narendra modi/img_5.jpg,narendra modi,17
../../Dataset/extra images/bernie sanders/img_10.jpg,bernie sanders,3
../../Dataset/extra images/narendra modi/img_43.png,narendra modi,17
../../Dataset/extra images/barack obama/img_55.jpg,barack obama,2
../../Dataset/extra images/george bush/img_31.jpg,george bush,7
../../Dataset/extra images/donald trump/img_68.jpg,donald trump,5
../../Dataset/extra images/hillary clinton/img_66.jpg,hillary clinton,8
../../Dataset/extra images/narendra modi/img_68.jpg,narendra modi,17
../../Dataset/extra images/john f. kennedy/img_34.jpg,john f. kennedy,11
../../Dataset/extra images/robert downey jr/img_53.jpg,robert downey jr,18
../../Dataset/extra images/joe biden/img_37.jpg,joe biden,10
../../Dataset/extra images/bill clinton/img_50.jpg,bill clinton,4
../../Dataset/extra images/jill stein/img_17.jpg,jill stein,9
../../Dataset/extra images/adolf hitler/img_17.jpeg,adolf hitler,1
../../Dataset/extra images/hillary clinton/img_31.jpg,hillary clinton,8
../../Dataset/extra images/adolf hitler/img_16.jpg,adolf hitler,1
../../Dataset/extra images/john f. kennedy/img_21.jpg,john f. kennedy,11
../../Dataset/extra images/ku klux klan/img_38.jpg,ku klux klan,14
../../Dataset/extra images/adolf hitler/img_9.jpg,adolf hitler,1
../../Dataset/extra images/ku klux klan/img_34.jpg,ku klux klan,14
../../Dataset/extra images/joe biden/img_28.jpg,joe biden,10
../../Dataset/extra images/bernie sanders/img_9.jpg,bernie sanders,3
../../Dataset/extra images/barack obama/img_1.jpg,barack obama,2
../../Dataset/extra images/joe biden/img_9.jpg,joe biden,10
../../Dataset/extra images/gary johnson/img_52.jpg,gary johnson,6
../../Dataset/extra images/ted cruz images/img_44.jpg,ted cruz images,19
../../Dataset/extra images/hillary clinton/img_46.jpg,hillary clinton,8
../../Dataset/extra images/robert downey jr/img_11.jpg,robert downey jr,18
../../Dataset/extra images/george bush/img_15.jpg,george bush,7
../../Dataset/extra images/barack obama/img_56.jpg,barack obama,2
../../Dataset/extra images/donald trump/img_20.jpg,donald trump,5
../../Dataset/extra images/kim jong un/img_4.jpg,kim jong un,13
../../Dataset/extra images/xi jinping/img_7.jpg,xi jinping,21
../../Dataset/extra images/barack obama/img_10.jpg,barack obama,2
../../Dataset/extra images/donald trump/img_66.jpg,donald trump,5
../../Dataset/extra images/donald trump/img_2.jpg,donald trump,5
../../Dataset/extra images/barack obama/img_19.jpg,barack obama,2
../../Dataset/extra images/donald trump/img_45.jpg,donald trump,5
../../Dataset/extra images/narendra modi/img_11.jpg,narendra modi,17
../../Dataset/extra images/hillary clinton/img_38.jpg,hillary clinton,8
../../Dataset/extra images/kim jong un/img_40.jpg,kim jong un,13
../../Dataset/extra images/john f. kennedy/img_19.jpg,john f. kennedy,11
../../Dataset/extra images/abraham lincoln/img_8.jpg,abraham lincoln,0
../../Dataset/extra images/kamala harris/img_7.jpg,kamala harris,12
../../Dataset/extra images/ted cruz images/img_46.jpg,ted cruz images,19
../../Dataset/extra images/barack obama/img_11.jpg,barack obama,2
../../Dataset/extra images/adolf hitler/img_27.jpg,adolf hitler,1
../../Dataset/extra images/vladimir putin/img_70.jpg,vladimir putin,20
../../Dataset/extra images/mitch mcconnell/img_0.jpg,mitch mcconnell,16
../../Dataset/extra images/ku klux klan/img_26.jpg,ku klux klan,14
../../Dataset/extra images/narendra modi/img_17.jpg,narendra modi,17
../../Dataset/extra images/vladimir putin/img_15.jpg,vladimir putin,20
../../Dataset/extra images/gary johnson/img_25.jpg,gary johnson,6
../../Dataset/extra images/narendra modi/img_59.jpg,narendra modi,17
../../Dataset/extra images/ted cruz images/img_7.jpg,ted cruz images,19
../../Dataset/extra images/george bush/img_29.jpg,george bush,7
../../Dataset/extra images/kamala harris/img_4.jpg,kamala harris,12
../../Dataset/extra images/narendra modi/img_25.jpg,narendra modi,17
../../Dataset/extra images/robert downey jr/img_13.jpg,robert downey jr,18
../../Dataset/extra images/abraham lincoln/img_3.jpg,abraham lincoln,0
../../Dataset/extra images/narendra modi/img_9.jpg,narendra modi,17
../../Dataset/extra images/adolf hitler/img_24.jpg,adolf hitler,1
../../Dataset/extra images/gary johnson/img_33.jpg,gary johnson,6
../../Dataset/extra images/bill clinton/img_37.jpg,bill clinton,4
../../Dataset/extra images/bernie sanders/img_35.jpg,bernie sanders,3
../../Dataset/extra images/xi jinping/img_16.jpg,xi jinping,21
../../Dataset/extra images/vladimir putin/img_72.jpg,vladimir putin,20
../../Dataset/extra images/george bush/img_25.jpg,george bush,7
../../Dataset/extra images/xi jinping/img_14.jpg,xi jinping,21
../../Dataset/extra images/bill clinton/img_46.jpg,bill clinton,4
../../Dataset/extra images/gary johnson/img_1.jpg,gary johnson,6
../../Dataset/extra images/joe biden/img_32.jpg,joe biden,10
../../Dataset/extra images/joe biden/img_2.jpg,joe biden,10
../../Dataset/extra images/bernie sanders/img_17.jpg,bernie sanders,3
../../Dataset/extra images/hillary clinton/img_49.png,hillary clinton,8
../../Dataset/extra images/narendra modi/img_52.png,narendra modi,17
../../Dataset/extra images/vladimir putin/img_35.jpg,vladimir putin,20
../../Dataset/extra images/hillary clinton/img_64.jpg,hillary clinton,8
../../Dataset/extra images/jill stein/img_2.jpg,jill stein,9
../../Dataset/extra images/narendra modi/img_38.jpg,narendra modi,17
../../Dataset/extra images/abraham lincoln/img_24.jpg,abraham lincoln,0
../../Dataset/extra images/vladimir putin/img_41.jpg,vladimir putin,20
../../Dataset/extra images/jill stein/img_58.jpg,jill stein,9
../../Dataset/extra images/bill clinton/img_22.jpg,bill clinton,4
../../Dataset/extra images/bill clinton/img_53.jpg,bill clinton,4
../../Dataset/extra images/john f. kennedy/img_4.jpg,john f. kennedy,11
../../Dataset/extra images/xi jinping/img_2.jpg,xi jinping,21
../../Dataset/extra images/donald trump/img_42.jpg,donald trump,5
../../Dataset/extra images/ku klux klan/img_19.jpg,ku klux klan,14
../../Dataset/extra images/gary johnson/img_37.jpg,gary johnson,6
../../Dataset/extra images/bernie sanders/img_7.jpg,bernie sanders,3
../../Dataset/extra images/vladimir putin/img_84.jpg,vladimir putin,20
../../Dataset/extra images/barack obama/img_34.jpg,barack obama,2
../../Dataset/extra images/hillary clinton/img_42.jpg,hillary clinton,8
../../Dataset/extra images/narendra modi/img_21.jpg,narendra modi,17
../../Dataset/extra images/abraham lincoln/img_5.jpg,abraham lincoln,0
../../Dataset/extra images/ted cruz images/img_37.jpg,ted cruz images,19
../../Dataset/extra images/mitch mcconnell/img_3.jpg,mitch mcconnell,16
../../Dataset/extra images/kim jong un/img_45.jpg,kim jong un,13
../../Dataset/extra images/bill clinton/img_44.jpg,bill clinton,4
../../Dataset/extra images/gary johnson/img_34.jpg,gary johnson,6
../../Dataset/extra images/john f. kennedy/img_20.jpg,john f. kennedy,11
../../Dataset/extra images/narendra modi/img_30.jpg,narendra modi,17
../../Dataset/extra images/jill stein/img_20.jpg,jill stein,9
../../Dataset/extra images/john f. kennedy/img_38.jpg,john f. kennedy,11
../../Dataset/extra images/hillary clinton/img_20.jpg,hillary clinton,8
../../Dataset/extra images/abraham lincoln/img_36.jpg,abraham lincoln,0
../../Dataset/extra images/xi jinping/img_17.jpg,xi jinping,21
../../Dataset/extra images/hillary clinton/img_35.jpg,hillary clinton,8
../../Dataset/extra images/vladimir putin/img_53.jpg,vladimir putin,20
../../Dataset/extra images/narendra modi/img_10.jpg,narendra modi,17
../../Dataset/extra images/adolf hitler/img_1.jpg,adolf hitler,1
../../Dataset/extra images/kim jong un/img_12.jpg,kim jong un,13
../../Dataset/extra images/kamala harris/img_10.jpg,kamala harris,12
../../Dataset/extra images/hillary clinton/img_34.jpg,hillary clinton,8
../../Dataset/extra images/narendra modi/img_24.jpg,narendra modi,17
../../Dataset/extra images/abraham lincoln/img_0.jpg,abraham lincoln,0
../../Dataset/extra images/hillary clinton/img_68.jpg,hillary clinton,8
../../Dataset/extra images/gary johnson/img_14.jpg,gary johnson,6
../../Dataset/extra images/bill clinton/img_33.jpg,bill clinton,4
../../Dataset/extra images/bill clinton/img_49.jpg,bill clinton,4
../../Dataset/extra images/robert downey jr/img_40.jpg,robert downey jr,18
../../Dataset/extra images/robert downey jr/img_10.jpg,robert downey jr,18
../../Dataset/extra images/george bush/img_2.jpg,george bush,7
../../Dataset/extra images/narendra modi/img_7.jpg,narendra modi,17
../../Dataset/extra images/adolf hitler/img_23.jpg,adolf hitler,1
../../Dataset/extra images/bernie sanders/img_28.jpg,bernie sanders,3
../../Dataset/extra images/donald trump/img_19.jpg,donald trump,5
../../Dataset/extra images/gary johnson/img_3.jpg,gary johnson,6
../../Dataset/extra images/hillary clinton/img_18.jpg,hillary clinton,8
../../Dataset/extra images/joe biden/img_10.jpg,joe biden,10
../../Dataset/extra images/robert downey jr/img_5.jpg,robert downey jr,18
../../Dataset/extra images/donald trump/img_53.jpg,donald trump,5
../../Dataset/extra images/vladimir putin/img_4.jpg,vladimir putin,20
../../Dataset/extra images/abraham lincoln/img_1.jpg,abraham lincoln,0
../../Dataset/extra images/vladimir putin/img_82.jpg,vladimir putin,20
../../Dataset/extra images/bernie sanders/img_5.jpeg,bernie sanders,3
../../Dataset/extra images/jill stein/img_57.jpg,jill stein,9
../../Dataset/extra images/bernie sanders/img_27.jpg,bernie sanders,3
../../Dataset/extra images/bernie sanders/img_11.jpg,bernie sanders,3
../../Dataset/extra images/donald trump/img_71.jpg,donald trump,5
../../Dataset/extra images/ted cruz images/img_41.jpg,ted cruz images,19
../../Dataset/extra images/narendra modi/img_51.jpg,narendra modi,17
../../Dataset/extra images/vladimir putin/img_40.jpg,vladimir putin,20
../../Dataset/extra images/gary johnson/img_38.jpg,gary johnson,6
../../Dataset/extra images/vladimir putin/img_79.jpg,vladimir putin,20
../../Dataset/extra images/abraham lincoln/img_7.jpg,abraham lincoln,0
../../Dataset/extra images/xi jinping/img_8.jpg,xi jinping,21
../../Dataset/extra images/gary johnson/img_18.jpg,gary johnson,6
../../Dataset/extra images/narendra modi/img_72.jpg,narendra modi,17
../../Dataset/extra images/john f. kennedy/img_11.png,john f. kennedy,11
../../Dataset/extra images/bill clinton/img_58.jpg,bill clinton,4
../../Dataset/extra images/adolf hitler/img_7.jpg,adolf hitler,1
../../Dataset/extra images/john f. kennedy/img_5.jpg,john f. kennedy,11
../../Dataset/extra images/mike pence/img_5.jpg,mike pence,15
../../Dataset/extra images/ted cruz images/img_38.jpg,ted cruz images,19
../../Dataset/extra images/john f. kennedy/img_30.jpg,john f. kennedy,11
../../Dataset/extra images/vladimir putin/img_17.jpg,vladimir putin,20
../../Dataset/extra images/narendra modi/img_12.jpg,narendra modi,17
../../Dataset/extra images/hillary clinton/img_40.jpg,hillary clinton,8
../../Dataset/extra images/vladimir putin/img_20.jpg,vladimir putin,20
../../Dataset/extra images/barack obama/img_21.jpg,barack obama,2
../../Dataset/extra images/robert downey jr/img_7.jpg,robert downey jr,18
../../Dataset/extra images/bill clinton/img_30.png,bill clinton,4
../../Dataset/extra images/joe biden/img_57.jpg,joe biden,10
../../Dataset/extra images/hillary clinton/img_19.jpeg,hillary clinton,8
../../Dataset/extra images/joe biden/img_54.jpg,joe biden,10
../../Dataset/extra images/bill clinton/img_7.jpg,bill clinton,4
../../Dataset/extra images/jill stein/img_12.jpg,jill stein,9
../../Dataset/extra images/john f. kennedy/img_10.jpg,john f. kennedy,11
../../Dataset/extra images/hillary clinton/img_25.jpg,hillary clinton,8
../../Dataset/extra images/abraham lincoln/img_18.jpg,abraham lincoln,0
../../Dataset/extra images/xi jinping/img_5.jpg,xi jinping,21
../../Dataset/extra images/ted cruz images/img_40.jpg,ted cruz images,19
../../Dataset/extra images/george bush/img_11.jpg,george bush,7
../../Dataset/extra images/gary johnson/img_40.jpg,gary johnson,6
../../Dataset/extra images/robert downey jr/img_31.jpg,robert downey jr,18
../../Dataset/extra images/abraham lincoln/img_13.jpg,abraham lincoln,0
../../Dataset/extra images/narendra modi/img_28.jpg,narendra modi,17
../../Dataset/extra images/kamala harris/img_16.jpg,kamala harris,12
../../Dataset/extra images/narendra modi/img_8.jpg,narendra modi,17
../../Dataset/extra images/gary johnson/img_15.jpg,gary johnson,6
../../Dataset/extra images/adolf hitler/img_32.jpg,adolf hitler,1
../../Dataset/extra images/joe biden/img_51.jpg,joe biden,10
../../Dataset/extra images/xi jinping/img_9.jpg,xi jinping,21
../../Dataset/extra images/barack obama/img_0.jpg,barack obama,2
../../Dataset/extra images/bernie sanders/img_6.jpg,bernie sanders,3
../../Dataset/extra images/john f. kennedy/img_27.jpg,john f. kennedy,11
../../Dataset/extra images/jill stein/img_37.jpg,jill stein,9
../../Dataset/extra images/vladimir putin/img_27.jpg,vladimir putin,20
../../Dataset/extra images/john f. kennedy/img_44.jpg,john f. kennedy,11
../../Dataset/extra images/ted cruz images/img_15.jpg,ted cruz images,19
../../Dataset/extra images/bill clinton/img_65.jpg,bill clinton,4
../../Dataset/extra images/jill stein/img_45.jpg,jill stein,9
../../Dataset/extra images/bernie sanders/img_2.jpg,bernie sanders,3
../../Dataset/extra images/kim jong un/img_52.jpg,kim jong un,13
../../Dataset/extra images/adolf hitler/img_22.jpg,adolf hitler,1
../../Dataset/extra images/gary johnson/img_23.jpg,gary johnson,6
../../Dataset/extra images/vladimir putin/img_30.jpg,vladimir putin,20
../../Dataset/extra images/vladimir putin/img_67.jpg,vladimir putin,20
../../Dataset/extra images/narendra modi/img_64.jpg,narendra modi,17
../../Dataset/extra images/kim jong un/img_28.jpg,kim jong un,13
../../Dataset/extra images/abraham lincoln/img_9.png,abraham lincoln,0
../../Dataset/extra images/kim jong un/img_21.jpeg,kim jong un,13
../../Dataset/extra images/vladimir putin/img_50.jpg,vladimir putin,20
../../Dataset/extra images/barack obama/img_23.jpg,barack obama,2
../../Dataset/extra images/donald trump/img_5.jpg,donald trump,5
../../Dataset/extra images/bill clinton/img_32.jpg,bill clinton,4
../../Dataset/extra images/vladimir putin/img_63.jpg,vladimir putin,20
../../Dataset/extra images/joe biden/img_65.jpg,joe biden,10
../../Dataset/extra images/ku klux klan/img_28.jpg,ku klux klan,14
../../Dataset/extra images/ku klux klan/img_21.jpg,ku klux klan,14
../../Dataset/extra images/gary johnson/img_16.jpg,gary johnson,6
../../Dataset/extra images/vladimir putin/img_42.jpg,vladimir putin,20
../../Dataset/extra images/vladimir putin/img_71.jpg,vladimir putin,20
../../Dataset/extra images/gary johnson/img_28.png,gary johnson,6
../../Dataset/extra images/abraham lincoln/img_34.jpeg,abraham lincoln,0
../../Dataset/extra images/ted cruz images/img_5.jpg,ted cruz images,19
../../Dataset/extra images/jill stein/img_24.jpg,jill stein,9
../../Dataset/extra images/bill clinton/img_66.jpg,bill clinton,4
../../Dataset/extra images/hillary clinton/img_63.jpg,hillary clinton,8
../../Dataset/extra images/bill clinton/img_55.jpeg,bill clinton,4
../../Dataset/extra images/donald trump/img_0.jpg,donald trump,5
../../Dataset/extra images/ted cruz images/img_28.jpg,ted cruz images,19
../../Dataset/extra images/john f. kennedy/img_22.jpg,john f. kennedy,11
../../Dataset/extra images/vladimir putin/img_56.jpg,vladimir putin,20
../../Dataset/extra images/mitch mcconnell/img_10.jpg,mitch mcconnell,16
../../Dataset/extra images/vladimir putin/img_34.jpg,vladimir putin,20
../../Dataset/extra images/vladimir putin/img_58.jpg,vladimir putin,20
../../Dataset/extra images/abraham lincoln/img_25.jpg,abraham lincoln,0
../../Dataset/extra images/adolf hitler/img_20.jpg,adolf hitler,1
../../Dataset/extra images/vladimir putin/img_19.jpg,vladimir putin,20
../../Dataset/extra images/mike pence/img_0.jpg,mike pence,15
../../Dataset/extra images/bernie sanders/img_32.jpg,bernie sanders,3
../../Dataset/extra images/robert downey jr/img_12.jpg,robert downey jr,18
../../Dataset/extra images/xi jinping/img_15.jpg,xi jinping,21
../../Dataset/extra images/donald trump/img_39.jpg,donald trump,5
../../Dataset/extra images/hillary clinton/img_53.jpg,hillary clinton,8
../../Dataset/extra images/bill clinton/img_9.jpg,bill clinton,4
../../Dataset/extra images/joe biden/img_27.jpg,joe biden,10
../../Dataset/extra images/vladimir putin/img_74.jpg,vladimir putin,20
../../Dataset/extra images/bill clinton/img_2.jpg,bill clinton,4
../../Dataset/extra images/bill clinton/img_36.jpg,bill clinton,4
../../Dataset/extra images/hillary clinton/img_2.png,hillary clinton,8
../../Dataset/extra images/gary johnson/img_53.jpg,gary johnson,6
../../Dataset/extra images/donald trump/img_13.jpg,donald trump,5
../../Dataset/extra images/ku klux klan/img_14.jpg,ku klux klan,14
../../Dataset/extra images/vladimir putin/img_10.jpg,vladimir putin,20
../../Dataset/extra images/barack obama/img_49.jpg,barack obama,2
../../Dataset/extra images/donald trump/img_56.jpg,donald trump,5
../../Dataset/extra images/kim jong un/img_41.jpg,kim jong un,13
../../Dataset/extra images/hillary clinton/img_22.jpg,hillary clinton,8
../../Dataset/extra images/ted cruz images/img_9.jpg,ted cruz images,19
../../Dataset/extra images/vladimir putin/img_38.jpg,vladimir putin,20
../../Dataset/extra images/barack obama/img_18.jpg,barack obama,2
../../Dataset/extra images/vladimir putin/img_80.jpg,vladimir putin,20
../../Dataset/extra images/robert downey jr/img_51.jpg,robert downey jr,18
../../Dataset/extra images/kim jong un/img_37.jpg,kim jong un,13
../../Dataset/extra images/kim jong un/img_14.jpg,kim jong un,13
../../Dataset/extra images/vladimir putin/img_47.jpg,vladimir putin,20
../../Dataset/extra images/john f. kennedy/img_45.jpg,john f. kennedy,11
../../Dataset/extra images/george bush/img_8.jpg,george bush,7
../../Dataset/extra images/ku klux klan/img_11.jpg,ku klux klan,14
../../Dataset/extra images/bill clinton/img_67.jpg,bill clinton,4
../../Dataset/extra images/bernie sanders/img_18.jpg,bernie sanders,3
../../Dataset/extra images/ku klux klan/img_23.jpg,ku klux klan,14
../../Dataset/extra images/vladimir putin/img_3.jpg,vladimir putin,20
../../Dataset/extra images/narendra modi/img_26.jpg,narendra modi,17
../../Dataset/extra images/barack obama/img_24.jpg,barack obama,2
../../Dataset/extra images/hillary clinton/img_23.jpg,hillary clinton,8
../../Dataset/extra images/hillary clinton/img_17.jpg,hillary clinton,8
../../Dataset/extra images/ted cruz images/img_36.jpg,ted cruz images,19
../../Dataset/extra images/bill clinton/img_45.jpg,bill clinton,4
../../Dataset/extra images/kamala harris/img_13.jpg,kamala harris,12
../../Dataset/extra images/jill stein/img_4.jpg,jill stein,9
../../Dataset/extra images/bernie sanders/img_26.jpg,bernie sanders,3
../../Dataset/extra images/gary johnson/img_47.jpg,gary johnson,6
../../Dataset/extra images/kim jong un/img_2.jpg,kim jong un,13
../../Dataset/extra images/adolf hitler/img_0.jpg,adolf hitler,1
../../Dataset/extra images/robert downey jr/img_23.jpg,robert downey jr,18
../../Dataset/extra images/kim jong un/img_55.jpg,kim jong un,13
../../Dataset/extra images/gary johnson/img_4.jpg,gary johnson,6
../../Dataset/extra images/robert downey jr/img_0.jpg,robert downey jr,18
../../Dataset/extra images/xi jinping/img_1.jpg,xi jinping,21
../../Dataset/extra images/kim jong un/img_3.jpg,kim jong un,13
../../Dataset/extra images/adolf hitler/img_14.jpg,adolf hitler,1
../../Dataset/extra images/robert downey jr/img_2.jpg,robert downey jr,18
../../Dataset/extra images/ku klux klan/img_45.jpg,ku klux klan,14
../../Dataset/extra images/kim jong un/img_18.jpg,kim jong un,13
../../Dataset/extra images/hillary clinton/img_55.jpg,hillary clinton,8
../../Dataset/extra images/joe biden/img_6.jpg,joe biden,10
../../Dataset/extra images/barack obama/img_48.jpg,barack obama,2
../../Dataset/extra images/vladimir putin/img_18.jpg,vladimir putin,20
../../Dataset/extra images/vladimir putin/img_76.jpg,vladimir putin,20
../../Dataset/extra images/donald trump/img_40.jpg,donald trump,5
../../Dataset/extra images/george bush/img_19.jpg,george bush,7
../../Dataset/extra images/vladimir putin/img_29.jpg,vladimir putin,20
../../Dataset/extra images/bernie sanders/img_30.jpg,bernie sanders,3
../../Dataset/extra images/jill stein/img_32.jpg,jill stein,9
../../Dataset/extra images/vladimir putin/img_81.jpg,vladimir putin,20
../../Dataset/extra images/ted cruz images/img_39.jpg,ted cruz images,19
../../Dataset/extra images/donald trump/img_72.jpg,donald trump,5
../../Dataset/extra images/john f. kennedy/img_41.jpg,john f. kennedy,11
../../Dataset/extra images/adolf hitler/img_26.jpg,adolf hitler,1
../../Dataset/extra images/jill stein/img_54.jpg,jill stein,9
../../Dataset/extra images/robert downey jr/img_19.jpg,robert downey jr,18
../../Dataset/extra images/joe biden/img_60.jpg,joe biden,10
../../Dataset/extra images/bill clinton/img_47.jpg,bill clinton,4
../../Dataset/extra images/donald trump/img_58.jpg,donald trump,5
../../Dataset/extra images/hillary clinton/img_7.jpg,hillary clinton,8
../../Dataset/extra images/kim jong un/img_25.jpg,kim jong un,13
../../Dataset/extra images/john f. kennedy/img_9.jpg,john f. kennedy,11
../../Dataset/extra images/vladimir putin/img_61.jpg,vladimir putin,20
../../Dataset/extra images/george bush/img_9.jpg,george bush,7
../../Dataset/extra images/ted cruz images/img_58.jpg,ted cruz images,19
../../Dataset/extra images/mike pence/img_3.jpg,mike pence,15
../../Dataset/extra images/ku klux klan/img_1.jpg,ku klux klan,14
../../Dataset/extra images/jill stein/img_1.jpg,jill stein,9
../../Dataset/extra images/donald trump/img_11.jpg,donald trump,5
../../Dataset/extra images/hillary clinton/img_48.jpg,hillary clinton,8
../../Dataset/extra images/barack obama/img_3.jpg,barack obama,2
../../Dataset/extra images/vladimir putin/img_5.jpg,vladimir putin,20
../../Dataset/extra images/kamala harris/img_9.jpg,kamala harris,12
../../Dataset/extra images/joe biden/img_42.jpg,joe biden,10
../../Dataset/extra images/jill stein/img_19.jpg,jill stein,9
../../Dataset/extra images/john f. kennedy/img_2.jpg,john f. kennedy,11
../../Dataset/extra images/joe biden/img_39.jpg,joe biden,10
../../Dataset/extra images/bernie sanders/img_19.jpg,bernie sanders,3
../../Dataset/extra images/robert downey jr/img_56.jpg,robert downey jr,18
../../Dataset/extra images/bernie sanders/img_31.jpg,bernie sanders,3
../../Dataset/extra images/narendra modi/img_34.jpg,narendra modi,17
../../Dataset/extra images/adolf hitler/img_21.jpg,adolf hitler,1
../../Dataset/extra images/donald trump/img_67.jpg,donald trump,5
../../Dataset/extra images/bill clinton/img_34.png,bill clinton,4
../../Dataset/extra images/adolf hitler/img_29.jpg,adolf hitler,1
../../Dataset/extra images/narendra modi/img_14.jpg,narendra modi,17
../../Dataset/extra images/vladimir putin/img_37.jpg,vladimir putin,20
../../Dataset/extra images/donald trump/img_33.jpg,donald trump,5
../../Dataset/extra images/narendra modi/img_70.jpg,narendra modi,17
../../Dataset/extra images/joe biden/img_40.jpg,joe biden,10
../../Dataset/extra images/hillary clinton/img_37.jpg,hillary clinton,8
../../Dataset/extra images/john f. kennedy/img_26.png,john f. kennedy,11
../../Dataset/extra images/donald trump/img_24.jpg,donald trump,5
../../Dataset/extra images/bernie sanders/img_3.png,bernie sanders,3
../../Dataset/extra images/jill stein/img_42.jpg,jill stein,9
../../Dataset/extra images/ted cruz images/img_27.jpg,ted cruz images,19
../../Dataset/extra images/jill stein/img_8.jpg,jill stein,9
../../Dataset/extra images/jill stein/img_13.jpg,jill stein,9
../../Dataset/extra images/gary johnson/img_35.png,gary johnson,6
../../Dataset/extra images/vladimir putin/img_6.jpg,vladimir putin,20
../../Dataset/extra images/jill stein/img_21.jpg,jill stein,9
../../Dataset/extra images/ted cruz images/img_49.jpg,ted cruz images,19
../../Dataset/extra images/xi jinping/img_13.jpg,xi jinping,21
../../Dataset/extra images/robert downey jr/img_39.jpg,robert downey jr,18
../../Dataset/extra images/mitch mcconnell/img_7.jpg,mitch mcconnell,16
../../Dataset/extra images/kim jong un/img_9.jpg,kim jong un,13
../../Dataset/extra images/vladimir putin/img_49.jpg,vladimir putin,20
../../Dataset/extra images/hillary clinton/img_36.jpg,hillary clinton,8
../../Dataset/extra images/hillary clinton/img_27.jpg,hillary clinton,8
../../Dataset/extra images/gary johnson/img_10.jpg,gary johnson,6
../../Dataset/extra images/ku klux klan/img_20.jpg,ku klux klan,14
../../Dataset/extra images/mitch mcconnell/img_2.jpg,mitch mcconnell,16
../../Dataset/extra images/donald trump/img_25.png,donald trump,5
../../Dataset/extra images/ku klux klan/img_39.jpg,ku klux klan,14
../../Dataset/extra images/bill clinton/img_13.jpg,bill clinton,4
../../Dataset/extra images/mitch mcconnell/img_4.jpg,mitch mcconnell,16
../../Dataset/extra images/mike pence/img_13.jpg,mike pence,15
../../Dataset/extra images/ted cruz images/img_23.jpg,ted cruz images,19
../../Dataset/extra images/ku klux klan/img_29.jpg,ku klux klan,14
../../Dataset/extra images/ted cruz images/img_24.jpg,ted cruz images,19
../../Dataset/extra images/hillary clinton/img_65.jpg,hillary clinton,8
../../Dataset/extra images/adolf hitler/img_25.jpg,adolf hitler,1
../../Dataset/extra images/kim jong un/img_13.jpg,kim jong un,13
../../Dataset/extra images/vladimir putin/img_65.jpg,vladimir putin,20
../../Dataset/extra images/mitch mcconnell/img_14.jpg,mitch mcconnell,16
../../Dataset/extra images/ted cruz images/img_33.jpg,ted cruz images,19
../../Dataset/extra images/joe biden/img_52.jpg,joe biden,10
../../Dataset/extra images/jill stein/img_56.jpg,jill stein,9
../../Dataset/extra images/mike pence/img_12.jpg,mike pence,15
../../Dataset/extra images/robert downey jr/img_32.jpg,robert downey jr,18
../../Dataset/extra images/barack obama/img_45.jpg,barack obama,2
../../Dataset/extra images/vladimir putin/img_28.jpg,vladimir putin,20
../../Dataset/extra images/bill clinton/img_69.jpg,bill clinton,4
../../Dataset/extra images/vladimir putin/img_69.jpg,vladimir putin,20
../../Dataset/extra images/narendra modi/img_69.jpg,narendra modi,17
../../Dataset/extra images/robert downey jr/img_28.jpg,robert downey jr,18
../../Dataset/extra images/kamala harris/img_14.jpg,kamala harris,12
../../Dataset/extra images/bill clinton/img_14.jpg,bill clinton,4
../../Dataset/extra images/narendra modi/img_20.jpg,narendra modi,17
../../Dataset/extra images/gary johnson/img_17.jpg,gary johnson,6
../../Dataset/extra images/donald trump/img_61.jpg,donald trump,5
../../Dataset/extra images/mike pence/img_7.jpg,mike pence,15
../../Dataset/extra images/mike pence/img_10.jpg,mike pence,15
../../Dataset/extra images/bernie sanders/img_23.jpg,bernie sanders,3
../../Dataset/extra images/narendra modi/img_37.jpg,narendra modi,17
../../Dataset/extra images/bill clinton/img_19.jpg,bill clinton,4
../../Dataset/extra images/adolf hitler/img_30.jpg,adolf hitler,1
../../Dataset/extra images/narendra modi/img_71.jpg,narendra modi,17
../../Dataset/extra images/vladimir putin/img_86.jpg,vladimir putin,20
../../Dataset/extra images/ted cruz images/img_34.jpg,ted cruz images,19
../../Dataset/extra images/barack obama/img_58.jpg,barack obama,2
../../Dataset/extra images/jill stein/img_60.jpg,jill stein,9
../../Dataset/extra images/vladimir putin/img_66.jpg,vladimir putin,20
../../Dataset/extra images/kim jong un/img_36.jpg,kim jong un,13
../../Dataset/extra images/joe biden/img_36.jpg,joe biden,10
../../Dataset/extra images/barack obama/img_2.jpg,barack obama,2
../../Dataset/extra images/kim jong un/img_0.jpg,kim jong un,13
../../Dataset/extra images/barack obama/img_15.jpg,barack obama,2
../../Dataset/extra images/robert downey jr/img_8.jpg,robert downey jr,18
../../Dataset/extra images/vladimir putin/img_45.jpg,vladimir putin,20
../../Dataset/extra images/gary johnson/img_48.jpg,gary johnson,6
../../Dataset/extra images/kim jong un/img_24.jpg,kim jong un,13
../../Dataset/extra images/george bush/img_0.jpg,george bush,7
../../Dataset/extra images/jill stein/img_55.png,jill stein,9
../../Dataset/extra images/joe biden/img_41.jpg,joe biden,10
../../Dataset/extra images/barack obama/img_46.png,barack obama,2
../../Dataset/extra images/kamala harris/img_17.jpg,kamala harris,12
../../Dataset/extra images/joe biden/img_22.jpg,joe biden,10
../../Dataset/extra images/barack obama/img_12.jpg,barack obama,2
../../Dataset/extra images/barack obama/img_44.jpg,barack obama,2
../../Dataset/extra images/narendra modi/img_29.jpg,narendra modi,17
../../Dataset/extra images/donald trump/img_43.jpg,donald trump,5
../../Dataset/extra images/bill clinton/img_64.jpg,bill clinton,4
../../Dataset/extra images/donald trump/img_62.jpg,donald trump,5
../../Dataset/extra images/gary johnson/img_13.jpg,gary johnson,6
../../Dataset/extra images/vladimir putin/img_60.jpg,vladimir putin,20
../../Dataset/extra images/jill stein/img_49.jpg,jill stein,9
../../Dataset/extra images/ku klux klan/img_13.jpg,ku klux klan,14
../../Dataset/extra images/barack obama/img_6.jpg,barack obama,2
../../Dataset/extra images/george bush/img_16.jpg,george bush,7
../../Dataset/extra images/jill stein/img_53.jpg,jill stein,9
../../Dataset/extra images/joe biden/img_15.jpg,joe biden,10
../../Dataset/extra images/ted cruz images/img_57.jpg,ted cruz images,19
../../Dataset/extra images/narendra modi/img_27.jpg,narendra modi,17
../../Dataset/extra images/jill stein/img_6.jpg,jill stein,9
../../Dataset/extra images/gary johnson/img_2.jpg,gary johnson,6
../../Dataset/extra images/bill clinton/img_24.jpg,bill clinton,4
../../Dataset/extra images/barack obama/img_40.jpg,barack obama,2
../../Dataset/extra images/bill clinton/img_40.jpg,bill clinton,4
../../Dataset/extra images/narendra modi/img_2.jpg,narendra modi,17
../../Dataset/extra images/narendra modi/img_67.jpg,narendra modi,17
../../Dataset/extra images/joe biden/img_70.jpg,joe biden,10
../../Dataset/extra images/kamala harris/img_11.jpg,kamala harris,12
../../Dataset/extra images/joe biden/img_21.jpg,joe biden,10
../../Dataset/extra images/vladimir putin/img_14.jpg,vladimir putin,20
../../Dataset/extra images/gary johnson/img_45.jpg,gary johnson,6
../../Dataset/extra images/vladimir putin/img_52.jpg,vladimir putin,20
../../Dataset/extra images/barack obama/img_22.jpg,barack obama,2
../../Dataset/extra images/ku klux klan/img_27.png,ku klux klan,14
../../Dataset/extra images/bill clinton/img_6.jpg,bill clinton,4
../../Dataset/extra images/abraham lincoln/img_29.png,abraham lincoln,0
../../Dataset/extra images/gary johnson/img_7.jpg,gary johnson,6
../../Dataset/extra images/joe biden/img_48.jpg,joe biden,10
../../Dataset/extra images/narendra modi/img_54.jpg,narendra modi,17
../../Dataset/extra images/kim jong un/img_20.jpg,kim jong un,13
../../Dataset/extra images/bill clinton/img_63.jpg,bill clinton,4
../../Dataset/extra images/ted cruz images/img_13.jpg,ted cruz images,19
../../Dataset/extra images/abraham lincoln/img_26.jpg,abraham lincoln,0
../../Dataset/extra images/george bush/img_36.jpg,george bush,7
../../Dataset/extra images/ku klux klan/img_36.jpg,ku klux klan,14
../../Dataset/extra images/vladimir putin/img_51.jpg,vladimir putin,20
../../Dataset/extra images/ted cruz images/img_50.jpg,ted cruz images,19
../../Dataset/extra images/mitch mcconnell/img_5.jpg,mitch mcconnell,16
../../Dataset/extra images/kamala harris/img_15.jpg,kamala harris,12
../../Dataset/extra images/mitch mcconnell/img_13.jpg,mitch mcconnell,16
../../Dataset/extra images/robert downey jr/img_48.jpg,robert downey jr,18
../../Dataset/extra images/ted cruz images/img_48.jpg,ted cruz images,19
../../Dataset/extra images/robert downey jr/img_15.jpeg,robert downey jr,18
../../Dataset/extra images/john f. kennedy/img_33.jpg,john f. kennedy,11
../../Dataset/extra images/adolf hitler/img_36.jpg,adolf hitler,1
../../Dataset/extra images/ku klux klan/img_3.jpg,ku klux klan,14
../../Dataset/extra images/ku klux klan/img_42.jpg,ku klux klan,14
../../Dataset/extra images/ku klux klan/img_2.jpg,ku klux klan,14
../../Dataset/extra images/adolf hitler/img_12.jpg,adolf hitler,1
../../Dataset/extra images/barack obama/img_38.jpg,barack obama,2
../../Dataset/extra images/john f. kennedy/img_24.jpg,john f. kennedy,11
../../Dataset/extra images/bernie sanders/img_22.jpg,bernie sanders,3
../../Dataset/extra images/ted cruz images/img_54.jpg,ted cruz images,19
../../Dataset/extra images/hillary clinton/img_0.jpg,hillary clinton,8
../../Dataset/extra images/robert downey jr/img_45.jpeg,robert downey jr,18
../../Dataset/extra images/barack obama/img_53.jpg,barack obama,2
../../Dataset/extra images/joe biden/img_78.jpg,joe biden,10
../../Dataset/extra images/bill clinton/img_3.jpg,bill clinton,4
../../Dataset/extra images/jill stein/img_31.jpg,jill stein,9
../../Dataset/extra images/adolf hitler/img_2.jpg,adolf hitler,1
../../Dataset/extra images/gary johnson/img_49.jpg,gary johnson,6
../../Dataset/extra images/barack obama/img_20.jpg,barack obama,2
../../Dataset/extra images/narendra modi/img_74.jpg,narendra modi,17
../../Dataset/extra images/john f. kennedy/img_6.jpg,john f. kennedy,11
../../Dataset/extra images/bill clinton/img_23.jpg,bill clinton,4
../../Dataset/extra images/jill stein/img_26.jpg,jill stein,9
../../Dataset/extra images/adolf hitler/img_10.jpg,adolf hitler,1
../../Dataset/extra images/jill stein/img_5.jpg,jill stein,9
../../Dataset/extra images/ku klux klan/img_43.jpg,ku klux klan,14
../../Dataset/extra images/john f. kennedy/img_14.jpg,john f. kennedy,11
../../Dataset/extra images/ku klux klan/img_6.jpg,ku klux klan,14
../../Dataset/extra images/narendra modi/img_40.jpg,narendra modi,17
../../Dataset/extra images/vladimir putin/img_77.jpg,vladimir putin,20
../../Dataset/extra images/ted cruz images/img_11.jpg,ted cruz images,19
../../Dataset/extra images/barack obama/img_43.jpg,barack obama,2
../../Dataset/extra images/joe biden/img_35.jpg,joe biden,10
../../Dataset/extra images/gary johnson/img_43.jpg,gary johnson,6
../../Dataset/extra images/vladimir putin/img_62.jpg,vladimir putin,20
../../Dataset/extra images/donald trump/img_73.jpeg,donald trump,5
../../Dataset/extra images/bill clinton/img_0.jpg,bill clinton,4
../../Dataset/extra images/robert downey jr/img_46.jpg,robert downey jr,18
../../Dataset/extra images/kim jong un/img_44.jpg,kim jong un,13
../../Dataset/extra images/narendra modi/img_19.jpg,narendra modi,17
../../Dataset/extra images/barack obama/img_50.jpg,barack obama,2
../../Dataset/extra images/joe biden/img_53.jpg,joe biden,10
../../Dataset/extra images/barack obama/img_57.jpg,barack obama,2
../../Dataset/extra images/joe biden/img_63.jpg,joe biden,10
../../Dataset/extra images/donald trump/img_16.jpg,donald trump,5
../../Dataset/extra images/barack obama/img_52.jpg,barack obama,2
../../Dataset/extra images/robert downey jr/img_54.jpg,robert downey jr,18
../../Dataset/extra images/joe biden/img_33.jpg,joe biden,10
../../Dataset/extra images/barack obama/img_16.jpeg,barack obama,2
../../Dataset/extra images/ku klux klan/img_10.jpg,ku klux klan,14
../../Dataset/extra images/ku klux klan/img_40.jpg,ku klux klan,14
../../Dataset/extra images/adolf hitler/img_31.jpg,adolf hitler,1
../../Dataset/extra images/ted cruz images/img_12.jpg,ted cruz images,19
../../Dataset/extra images/ted cruz images/img_6.jpg,ted cruz images,19
../../Dataset/extra images/narendra modi/img_50.jpg,narendra modi,17
../../Dataset/extra images/bernie sanders/img_33.jpg,bernie sanders,3
../../Dataset/extra images/donald trump/img_76.jpg,donald trump,5
../../Dataset/extra images/ku klux klan/img_31.jpeg,ku klux klan,14
../../Dataset/extra images/narendra modi/img_49.jpg,narendra modi,17
../../Dataset/extra images/john f. kennedy/img_40.jpg,john f. kennedy,11
../../Dataset/extra images/robert downey jr/img_36.jpg,robert downey jr,18
../../Dataset/extra images/bill clinton/img_39.jpg,bill clinton,4
../../Dataset/extra images/george bush/img_4.jpg,george bush,7
../../Dataset/extra images/donald trump/img_8.jpg,donald trump,5
../../Dataset/extra images/jill stein/img_7.jpg,jill stein,9
../../Dataset/extra images/ted cruz images/img_21.jpg,ted cruz images,19
../../Dataset/extra images/bill clinton/img_11.jpg,bill clinton,4
../../Dataset/extra images/narendra modi/img_57.jpg,narendra modi,17
../../Dataset/extra images/robert downey jr/img_50.jpg,robert downey jr,18
../../Dataset/extra images/bill clinton/img_16.jpg,bill clinton,4
../../Dataset/extra images/vladimir putin/img_36.jpg,vladimir putin,20
../../Dataset/extra images/bill clinton/img_28.jpg,bill clinton,4
../../Dataset/extra images/mike pence/img_1.jpg,mike pence,15
../../Dataset/extra images/george bush/img_27.jpg,george bush,7
../../Dataset/extra images/abraham lincoln/img_32.jpg,abraham lincoln,0
../../Dataset/extra images/kim jong un/img_35.jpg,kim jong un,13
../../Dataset/extra images/ku klux klan/img_25.jpg,ku klux klan,14
../../Dataset/extra images/mitch mcconnell/img_9.jpg,mitch mcconnell,16
../../Dataset/extra images/jill stein/img_47.jpg,jill stein,9
../../Dataset/extra images/vladimir putin/img_21.jpg,vladimir putin,20
../../Dataset/extra images/ku klux klan/img_17.jpg,ku klux klan,14
../../Dataset/extra images/gary johnson/img_29.jpg,gary johnson,6
../../Dataset/extra images/robert downey jr/img_29.jpg,robert downey jr,18
../../Dataset/extra images/donald trump/img_63.jpg,donald trump,5
../../Dataset/extra images/vladimir putin/img_43.jpg,vladimir putin,20
../../Dataset/extra images/robert downey jr/img_27.jpg,robert downey jr,18
../../Dataset/extra images/bernie sanders/img_0.jpg,bernie sanders,3
../../Dataset/extra images/donald trump/img_30.jpg,donald trump,5
../../Dataset/extra images/ted cruz images/img_17.jpg,ted cruz images,19
../../Dataset/extra images/gary johnson/img_26.jpg,gary johnson,6
../../Dataset/extra images/john f. kennedy/img_12.jpg,john f. kennedy,11
../../Dataset/extra images/hillary clinton/img_33.jpg,hillary clinton,8
../../Dataset/extra images/ku klux klan/img_4.jpeg,ku klux klan,14
../../Dataset/extra images/bernie sanders/img_34.jpg,bernie sanders,3
../../Dataset/extra images/robert downey jr/img_47.jpg,robert downey jr,18
../../Dataset/extra images/joe biden/img_64.jpg,joe biden,10
../../Dataset/extra images/joe biden/img_11.jpeg,joe biden,10
../../Dataset/extra images/john f. kennedy/img_35.jpg,john f. kennedy,11
../../Dataset/extra images/jill stein/img_51.jpg,jill stein,9
../../Dataset/extra images/barack obama/img_36.jpg,barack obama,2
../../Dataset/extra images/ku klux klan/img_15.jpg,ku klux klan,14
../../Dataset/extra images/jill stein/img_27.jpeg,jill stein,9
../../Dataset/extra images/ku klux klan/img_7.jpg,ku klux klan,14
../../Dataset/extra images/donald trump/img_57.jpg,donald trump,5
../../Dataset/extra images/john f. kennedy/img_25.jpg,john f. kennedy,11
../../Dataset/extra images/gary johnson/img_32.jpg,gary johnson,6
../../Dataset/extra images/vladimir putin/img_88.jpg,vladimir putin,20
../../Dataset/extra images/george bush/img_10.jpg,george bush,7
../../Dataset/extra images/ted cruz images/img_47.jpg,ted cruz images,19
../../Dataset/extra images/john f. kennedy/img_36.jpg,john f. kennedy,11
../../Dataset/extra images/ted cruz images/img_1.jpg,ted cruz images,19
../../Dataset/extra images/vladimir putin/img_1.jpg,vladimir putin,20
../../Dataset/extra images/bill clinton/img_18.jpg,bill clinton,4
../../Dataset/extra images/vladimir putin/img_31.jpg,vladimir putin,20
../../Dataset/extra images/narendra modi/img_66.jpg,narendra modi,17
../../Dataset/extra images/kim jong un/img_48.jpg,kim jong un,13
../../Dataset/extra images/hillary clinton/img_16.jpg,hillary clinton,8
../../Dataset/extra images/donald trump/img_18.jpg,donald trump,5
../../Dataset/extra images/ku klux klan/img_24.jpg,ku klux klan,14
../../Dataset/extra images/jill stein/img_35.jpg,jill stein,9
../../Dataset/extra images/xi jinping/img_4.jpg,xi jinping,21
../../Dataset/extra images/hillary clinton/img_56.jpg,hillary clinton,8
../../Dataset/extra images/hillary clinton/img_10.jpg,hillary clinton,8
../../Dataset/extra images/abraham lincoln/img_16.jpg,abraham lincoln,0
../../Dataset/extra images/jill stein/img_10.jpg,jill stein,9
../../Dataset/extra images/joe biden/img_76.jpg,joe biden,10
../../Dataset/extra images/hillary clinton/img_14.jpg,hillary clinton,8
../../Dataset/extra images/kamala harris/img_5.jpg,kamala harris,12
../../Dataset/extra images/robert downey jr/img_21.jpg,robert downey jr,18
../../Dataset/extra images/mitch mcconnell/img_6.jpg,mitch mcconnell,16
../../Dataset/extra images/john f. kennedy/img_28.jpg,john f. kennedy,11
../../Dataset/extra images/barack obama/img_39.jpg,barack obama,2
../../Dataset/extra images/joe biden/img_44.jpg,joe biden,10
../../Dataset/extra images/donald trump/img_65.jpg,donald trump,5
../../Dataset/extra images/ku klux klan/img_35.jpg,ku klux klan,14
../../Dataset/extra images/mike pence/img_4.jpg,mike pence,15
../../Dataset/extra images/ted cruz images/img_14.jpg,ted cruz images,19
../../Dataset/extra images/hillary clinton/img_15.jpg,hillary clinton,8
../../Dataset/extra images/hillary clinton/img_5.jpg,hillary clinton,8
../../Dataset/extra images/hillary clinton/img_26.jpeg,hillary clinton,8
../../Dataset/extra images/gary johnson/img_42.jpg,gary johnson,6
../../Dataset/extra images/ted cruz images/img_30.jpg,ted cruz images,19
../../Dataset/extra images/ku klux klan/img_30.jpg,ku klux klan,14
../../Dataset/extra images/bill clinton/img_21.jpg,bill clinton,4
../../Dataset/extra images/vladimir putin/img_23.jpg,vladimir putin,20
../../Dataset/extra images/george bush/img_26.jpg,george bush,7
../../Dataset/extra images/bernie sanders/img_4.jpg,bernie sanders,3
../../Dataset/extra images/joe biden/img_31.jpg,joe biden,10
../../Dataset/extra images/vladimir putin/img_39.jpg,vladimir putin,20
../../Dataset/extra images/bill clinton/img_41.jpg,bill clinton,4
../../Dataset/extra images/donald trump/img_75.jpg,donald trump,5
../../Dataset/extra images/robert downey jr/img_6.jpg,robert downey jr,18
../../Dataset/extra images/bernie sanders/img_14.png,bernie sanders,3
../../Dataset/extra images/abraham lincoln/img_22.jpg,abraham lincoln,0
../../Dataset/extra images/abraham lincoln/img_19.jpg,abraham lincoln,0
../../Dataset/extra images/vladimir putin/img_68.jpg,vladimir putin,20
../../Dataset/extra images/ted cruz images/img_51.png,ted cruz images,19
../../Dataset/extra images/robert downey jr/img_34.jpg,robert downey jr,18
../../Dataset/extra images/joe biden/img_43.jpg,joe biden,10
../../Dataset/extra images/bill clinton/img_29.jpg,bill clinton,4
../../Dataset/extra images/donald trump/img_26.jpg,donald trump,5
../../Dataset/extra images/bernie sanders/img_24.jpg,bernie sanders,3
../../Dataset/extra images/john f. kennedy/img_43.jpg,john f. kennedy,11
